1,CIE1931 colorspace tristimulus values X,104.86
2,CIE1931 colorspace tristimulus values Y,100.00
3,CIE1931 colorspace tristimulus values Z,48.85
4,CIE1931 colorspace chromaticity coordinates x,0.4133
5,CIE1931 colorspace chromaticity coordinates y,0.3941
6,CIE1960 colorspace chromaticity coordinates u,0.2395
7,CIE1960 colorspace chromaticity coordinates v,0.3426
8,CIE1976 colorspace chromaticity coordinates u',0.2395
9,CIE1976 colorspace chromaticity coordinates v',0.5139
10,Color temperature CCT(K),3368
11,Red ratio(%),23.76
12,Green ratio(%),74.23
13,Blue ratio(%),2.01
14,Color shift Duv,-0.0005
15,Color render index Ra,89.1
16,Color render index R1,92.9
17,Color render index R2,89.8
18,Color render index R3,84.2
19,Color render index R4,89.7
20,Color render index R5,90.4
21,Color render index R6,85.9
22,Color render index R7,90.4
23,Color render index R8,89.5
24,Color render index R9,71.4
25,Color render index R10,73.5
26,Color render index R11,90.4
27,Color render index R12,68.6
28,Color render index R13,91.1
29,Color render index R14,89.8
30,Color render index R15,91.5
31,Peak wavelength Lp(nm),632
32,Half-peak width HW(nm),10
33,Dominant wavelength Ld(nm),581
34,Color purity Purity(%),43.1
35,Light-dark vision ratio S/P,4.252
36,Illuminance Lux(lx),1858.2
37,Irradiance Ee(W/m²),5.6791
38,Illuminance E(fc),172.63
39,Color quality scale CQS,86.28
40,Gamut area index GAI_EES,69.43
41,Gamut area index GAI_BB_8,103.97
42,Gamut area index GAI_BB_15,105.99
43,Equivalen melanopic lux EML,204.03
44,Melanopic equivalent daylight illuminance M_EDI,184.91
45,Blue light hazard weighted irradiance Eb(W/m²),0.7374/RG0
46,Red irradiance Red_Ee(W/m²),0.1173
47,Near infrared irradiance A Nir_EeA(W/m²),0.0000
48,Near infrared irradiance B Nir_EeB(W/m²),0.0000
49,Photosynthetically active radiation PAR(W/m²),5.5619
50,Chlorophyll A weighted irradiance Eca(W/m²),0.4704
51,Chlorophyll B weighted irradiance Ecb(W/m²),0.2225
52,Blue purple irradiance Eb(W/m²),0.8835
53,Yellow green irradiance Ey(W/m²),2.4773
54,Red orange irradiance Er(W/m²),2.2405
55,Red blue irradiance ratio Erb_Ratio(%),2.54
56,Photosynthetic photon flux density PPFD(umol/(m^2·s)),26.5079
57,Blue purple photosynthetic photon flux density PPFDb(umol/(m^2·s)),3.3618
58,Yellow green photosynthetic photon flux density PPFDy(umol/(m^2·s)),11.4640
59,Red orange photosynthetic photon flux density PPFDr(umol/(m^2·s)),11.8696
60,Far red photosynthetic photon flux density PPFDfr(umol/(m^2·s)),0.7319
61,Red orange photosynthetic photon flux density ratio PPFDr_ratio(%),44.78
62,Yellow green photosynthetic photon flux density ratio PPFDy_ratio(%),43.25
63,Blue purple photosynthetic photon flux density ratio PPFDb_ratio(%),12.68
64,Yield photon flux density YPFD (umol/(m^2·s)),27.2018
65,Color tolerance SDCM,1.14/3500
Exposure Time,49.6ms
wavelength
340,0
341,0
342,0
343,0
344,0
345,0
346,0
347,0
348,0
349,0
350,0
351,0
352,0
353,0
354,0
355,0
356,0
357,0
358,0
359,0
360,0
361,0
362,0
363,0
364,0
365,0
366,0
367,0
368,0
369,0
370,0
371,0
372,0
373,0
374,0
375,0
376,0
377,0
378,0
379,0
380,0
381,0
382,0
383,0
384,0
385,0
386,0
387,0
388,0
389,0
390,0
391,0
392,0
393,0
394,0
395,0
396,0
397,0
398,0
399,0
400,0
401,0
402,0
403,0
404,0
405,0
406,0
407,0
408,0
409,0
410,0
411,0.00007
412,0.0002
413,0.00034
414,0.00049
415,0.00063
416,0.00075
417,0.00089
418,0.00108
419,0.00134
420,0.00164
421,0.00196
422,0.00231
423,0.00271
424,0.00315
425,0.00361
426,0.00414
427,0.00475
428,0.00548
429,0.00627
430,0.0071
431,0.008
432,0.00899
433,0.01009
434,0.0113
435,0.01268
436,0.01435
437,0.01634
438,0.01857
439,0.02089
440,0.02297
441,0.02491
442,0.02659
443,0.0279
444,0.02867
445,0.02884
446,0.02834
447,0.02731
448,0.02597
449,0.02447
450,0.02292
451,0.02139
452,0.01987
453,0.0184
454,0.01698
455,0.01562
456,0.01436
457,0.0132
458,0.01216
459,0.01125
460,0.01045
461,0.00972
462,0.00905
463,0.00841
464,0.00781
465,0.00725
466,0.00673
467,0.00626
468,0.00585
469,0.00552
470,0.00523
471,0.00499
472,0.00478
473,0.00461
474,0.00448
475,0.0044
476,0.00435
477,0.00431
478,0.0043
479,0.00432
480,0.00439
481,0.0045
482,0.00467
483,0.00487
484,0.0051
485,0.00536
486,0.00565
487,0.00597
488,0.00634
489,0.00672
490,0.00713
491,0.00754
492,0.00798
493,0.00846
494,0.00897
495,0.00949
496,0.01
497,0.01052
498,0.01104
499,0.01159
500,0.01218
501,0.01278
502,0.01337
503,0.01393
504,0.01448
505,0.01503
506,0.01561
507,0.01618
508,0.0167
509,0.01717
510,0.0176
511,0.01804
512,0.0185
513,0.01897
514,0.01942
515,0.01984
516,0.02024
517,0.02062
518,0.02097
519,0.02128
520,0.02156
521,0.02181
522,0.02206
523,0.0223
524,0.02254
525,0.02277
526,0.02297
527,0.02317
528,0.02335
529,0.02353
530,0.02373
531,0.02391
532,0.02407
533,0.02421
534,0.02432
535,0.02445
536,0.02459
537,0.02471
538,0.02482
539,0.02494
540,0.02508
541,0.02524
542,0.02541
543,0.02557
544,0.02571
545,0.02587
546,0.02603
547,0.0262
548,0.02633
549,0.02645
550,0.02658
551,0.02674
552,0.02694
553,0.02713
554,0.02729
555,0.02743
556,0.02755
557,0.02766
558,0.02775
559,0.02781
560,0.02786
561,0.02791
562,0.02797
563,0.02805
564,0.02814
565,0.0282
566,0.02822
567,0.02822
568,0.02819
569,0.02817
570,0.02815
571,0.02811
572,0.02806
573,0.02799
574,0.02794
575,0.0279
576,0.02785
577,0.02781
578,0.02774
579,0.02766
580,0.02759
581,0.02754
582,0.02753
583,0.02754
584,0.02753
585,0.0275
586,0.02744
587,0.02739
588,0.02735
589,0.02732
590,0.02728
591,0.02721
592,0.02715
593,0.02709
594,0.02706
595,0.02707
596,0.02711
597,0.02718
598,0.02725
599,0.02727
600,0.02727
601,0.02717
602,0.02709
603,0.02702
604,0.02693
605,0.02698
606,0.02759
607,0.0291
608,0.03111
609,0.03273
610,0.03383
611,0.03548
612,0.03873
613,0.0428
614,0.04512
615,0.04371
616,0.03914
617,0.03406
618,0.0307
619,0.02932
620,0.02895
621,0.02869
622,0.02838
623,0.02821
624,0.02829
625,0.02842
626,0.0286
627,0.03015
628,0.0356
629,0.04653
630,0.06021
631,0.07046
632,0.07282
633,0.06851
634,0.06272
635,0.05843
636,0.05398
637,0.04675
638,0.03702
639,0.02813
640,0.0226
641,0.02021
642,0.01935
643,0.01887
644,0.0188
645,0.01962
646,0.02147
647,0.02368
648,0.02494
649,0.02435
650,0.02219
651,0.01962
652,0.0177
653,0.01661
654,0.01595
655,0.0154
656,0.01484
657,0.01432
658,0.01385
659,0.01343
660,0.01308
661,0.01274
662,0.01238
663,0.01199
664,0.01162
665,0.0113
666,0.01105
667,0.01086
668,0.01073
669,0.01063
670,0.0105
671,0.01027
672,0.00997
673,0.00964
674,0.00932
675,0.00902
676,0.00874
677,0.00846
678,0.00822
679,0.00801
680,0.00783
681,0.00763
682,0.00743
683,0.00725
684,0.00707
685,0.00688
686,0.0067
687,0.00652
688,0.00634
689,0.00616
690,0.00597
691,0.0058
692,0.00566
693,0.00555
694,0.00542
695,0.00526
696,0.0051
697,0.00494
698,0.00478
699,0.00463
700,0.00448
701,0.00431
702,0.00416
703,0.00403
704,0.00392
705,0.00383
706,0.00375
707,0.00366
708,0.00356
709,0.00345
710,0.00336
711,0.00331
712,0.00325
713,0.00316
714,0.00301
715,0.00287
716,0.00277
717,0.0027
718,0.00265
719,0.00259
720,0.00252
721,0.00244
722,0.00236
723,0.00231
724,0.00227
725,0.00222
726,0.00211
727,0.00199
728,0.00188
729,0.00182
730,0.00178
731,0.00173
732,0.00166
733,0.00161
734,0.00155
735,0.00149
736,0.00143
737,0.00138
738,0.00135
739,0.0013
740,0.00121
741,0.00111
742,0.00101
743,0.00093
744,0.00085
745,0.00077
746,0.00074
747,0.00074
748,0.00076
749,0.00074
750,0.00067
751,0.00058
752,0.0005
753,0.00046
754,0.00043
755,0.00042
756,0.00042
757,0.00041
758,0.00039
759,0.00037
760,0.00036
761,0.00036
762,0.00035
763,0.00033
764,0.0003
765,0.00026
766,0.00018
767,0.00007
768,0
769,0
770,0
771,0
772,0
773,0
774,0
775,0
776,0
777,0
778,0
779,0
780,0
781,0
782,0
783,0
784,0
785,0
786,0
787,0
788,0
789,0
790,0
791,0
792,0
793,0
794,0
795,0
796,0
797,0
798,0
799,0
800,0
801,0
802,0
803,0
804,0
805,0
806,0
807,0
808,0
809,0
810,0
811,0
812,0
813,0
814,0
815,0
816,0
817,0
818,0
819,0
820,0
821,0
822,0
823,0
824,0
825,0
826,0
827,0
828,0
829,0
830,0
831,0
832,0
833,0
834,0
835,0
836,0
837,0
838,0
839,0
840,0
841,0
842,0
843,0
844,0
845,0
846,0
847,0
848,0
849,0
850,0
851,0
852,0
853,0
854,0
855,0
856,0
857,0
858,0
859,0
860,0
861,0
862,0
863,0
864,0
865,0
866,0
867,0
868,0
869,0
870,0
871,0
872,0
873,0
874,0
875,0
876,0
877,0
878,0
879,0
880,0
881,0
882,0
883,0
884,0
885,0
886,0
887,0
888,0
889,0
890,0
891,0
892,0
893,0
894,0
895,0
896,0
897,0
898,0
899,0
900,0
901,0
902,0
903,0
904,0
905,0
906,0
907,0
908,0
909,0
910,0
911,0
912,0
913,0
914,0
915,0
916,0
917,0
918,0
919,0
920,0
921,0
922,0
923,0
924,0
925,0
926,0
927,0
928,0
929,0
930,0
931,0
932,0
933,0
934,0
935,0
936,0
937,0
938,0
939,0
940,0
941,0
942,0
943,0
944,0
945,0
946,0
947,0
948,0
949,0
950,0
951,0
952,0
953,0
954,0
955,0
956,0
957,0
958,0
959,0
960,0
961,0
962,0
963,0
964,0
965,0
966,0
967,0
968,0
969,0
970,0
971,0
972,0
973,0
974,0
975,0
976,0
977,0
978,0
979,0
980,0
981,0
982,0
983,0
984,0
985,0
986,0
987,0
988,0
989,0
990,0
991,0
992,0
993,0
994,0
995,0
996,0
997,0
998,0
999,0
1000,0
1001,0
1002,0
1003,0
1004,0
1005,0
1006,0
1007,0
1008,0
1009,0
1010,0
1011,0
1012,0
1013,0
1014,0
1015,0
1016,0
1017,0
1018,0
1019,0
1020,0
