1,CIE1931 colorspace tristimulus values X,107.88
2,CIE1931 colorspace tristimulus values Y,100.00
3,CIE1931 colorspace tristimulus values Z,38.09
4,CIE1931 colorspace chromaticity coordinates x,0.4386
5,CIE1931 colorspace chromaticity coordinates y,0.4066
6,CIE1960 colorspace chromaticity coordinates u,0.2506
7,CIE1960 colorspace chromaticity coordinates v,0.3484
8,CIE1976 colorspace chromaticity coordinates u',0.2506
9,CIE1976 colorspace chromaticity coordinates v',0.5226
10,Color temperature CCT(K),2997
11,Red ratio(%),25.17
12,Green ratio(%),73.27
13,Blue ratio(%),1.56
14,Color shift Duv,0.0010
15,Color render index Ra,85.9
16,Color render index R1,87.0
17,Color render index R2,88.0
18,Color render index R3,86.2
19,Color render index R4,87.1
20,Color render index R5,84.4
21,Color render index R6,83.1
22,Color render index R7,91.1
23,Color render index R8,80.0
24,Color render index R9,47.9
25,Color render index R10,68.9
26,Color render index R11,85.1
27,Color render index R12,59.5
28,Color render index R13,86.2
29,Color render index R14,90.8
30,Color render index R15,84.5
31,Peak wavelength Lp(nm),632
32,Half-peak width HW(nm),10
33,Dominant wavelength Ld(nm),583
34,Color purity Purity(%),54.8
35,Light-dark vision ratio S/P,4.860
36,Illuminance Lux(lx),2328.3
37,Irradiance Ee(W/m²),6.8640
38,Illuminance E(fc),216.31
39,Color quality scale CQS,81.52
40,Gamut area index GAI_EES,56.59
41,Gamut area index GAI_BB_8,99.65
42,Gamut area index GAI_BB_15,105.30
43,Equivalen melanopic lux EML,214.93
44,Melanopic equivalent daylight illuminance M_EDI,194.79
45,Blue light hazard weighted irradiance Eb(W/m²),0.7040/RG0
46,Red irradiance Red_Ee(W/m²),0.1352
47,Near infrared irradiance A Nir_EeA(W/m²),0.0000
48,Near infrared irradiance B Nir_EeB(W/m²),0.0000
49,Photosynthetically active radiation PAR(W/m²),6.7288
50,Chlorophyll A weighted irradiance Eca(W/m²),0.5292
51,Chlorophyll B weighted irradiance Ecb(W/m²),0.2572
52,Blue purple irradiance Eb(W/m²),0.8384
53,Yellow green irradiance Ey(W/m²),3.0452
54,Red orange irradiance Er(W/m²),2.8933
55,Red blue irradiance ratio Erb_Ratio(%),3.45
56,Photosynthetic photon flux density PPFD(umol/(m^2·s)),32.4433
57,Blue purple photosynthetic photon flux density PPFDb(umol/(m^2·s)),3.2016
58,Yellow green photosynthetic photon flux density PPFDy(umol/(m^2·s)),14.1675
59,Red orange photosynthetic photon flux density PPFDr(umol/(m^2·s)),15.3064
60,Far red photosynthetic photon flux density PPFDfr(umol/(m^2·s)),0.8437
61,Red orange photosynthetic photon flux density ratio PPFDr_ratio(%),47.18
62,Yellow green photosynthetic photon flux density ratio PPFDy_ratio(%),43.67
63,Blue purple photosynthetic photon flux density ratio PPFDb_ratio(%),9.87
64,Yield photon flux density YPFD (umol/(m^2·s)),33.2425
65,Color tolerance SDCM,2.48/3000
Exposure Time,49.6ms
wavelength
340,0
341,0
342,0
343,0
344,0
345,0
346,0
347,0
348,0
349,0
350,0
351,0
352,0
353,0
354,0
355,0
356,0
357,0
358,0
359,0
360,0
361,0
362,0
363,0
364,0
365,0
366,0
367,0
368,0
369,0
370,0
371,0
372,0
373,0
374,0
375,0
376,0
377,0
378,0
379,0
380,0
381,0
382,0
383,0
384,0
385,0
386,0
387,0
388,0
389,0
390,0
391,0
392,0
393,0
394,0
395,0
396,0
397,0
398,0
399,0
400,0
401,0
402,0
403,0
404,0
405,0
406,0
407,0
408,0
409,0
410,0
411,0
412,0
413,0
414,0.00006
415,0.00018
416,0.00031
417,0.00042
418,0.00056
419,0.00074
420,0.00096
421,0.00119
422,0.00143
423,0.00171
424,0.00201
425,0.00235
426,0.00272
427,0.00315
428,0.00363
429,0.00414
430,0.00467
431,0.00525
432,0.00591
433,0.00664
434,0.00742
435,0.00823
436,0.00913
437,0.01015
438,0.01131
439,0.01258
440,0.01395
441,0.01537
442,0.01696
443,0.01869
444,0.02053
445,0.0224
446,0.02416
447,0.02577
448,0.02716
449,0.02825
450,0.02886
451,0.02888
452,0.02822
453,0.02687
454,0.02496
455,0.0227
456,0.02035
457,0.01813
458,0.01619
459,0.0146
460,0.01334
461,0.01235
462,0.01159
463,0.011
464,0.0105
465,0.01001
466,0.00951
467,0.00897
468,0.00841
469,0.00785
470,0.00729
471,0.00675
472,0.00625
473,0.00581
474,0.00545
475,0.00516
476,0.00493
477,0.00475
478,0.00463
479,0.00455
480,0.00452
481,0.00453
482,0.00456
483,0.00461
484,0.00465
485,0.00471
486,0.0048
487,0.00492
488,0.00506
489,0.00523
490,0.00543
491,0.00568
492,0.00599
493,0.00635
494,0.00675
495,0.0072
496,0.0077
497,0.00826
498,0.00885
499,0.00949
500,0.01015
501,0.01085
502,0.01156
503,0.01226
504,0.01296
505,0.01367
506,0.0144
507,0.01514
508,0.01587
509,0.01656
510,0.01724
511,0.01793
512,0.01863
513,0.01932
514,0.01999
515,0.02061
516,0.02121
517,0.02181
518,0.0224
519,0.02297
520,0.0235
521,0.02397
522,0.02438
523,0.02476
524,0.02514
525,0.02551
526,0.02587
527,0.02622
528,0.02657
529,0.02691
530,0.02724
531,0.02752
532,0.02776
533,0.02799
534,0.02822
535,0.02848
536,0.02875
537,0.029
538,0.02922
539,0.02944
540,0.02966
541,0.02988
542,0.03011
543,0.03036
544,0.03063
545,0.0309
546,0.03117
547,0.03143
548,0.03169
549,0.03197
550,0.03226
551,0.03255
552,0.03284
553,0.03316
554,0.0335
555,0.03385
556,0.0342
557,0.03449
558,0.03474
559,0.03496
560,0.03516
561,0.03537
562,0.03561
563,0.03584
564,0.03608
565,0.03631
566,0.03653
567,0.03672
568,0.03687
569,0.03699
570,0.0371
571,0.03721
572,0.03732
573,0.0374
574,0.03743
575,0.03744
576,0.03743
577,0.03744
578,0.03747
579,0.03753
580,0.03758
581,0.03762
582,0.03766
583,0.0377
584,0.03775
585,0.03781
586,0.03788
587,0.03794
588,0.03797
589,0.03796
590,0.03792
591,0.03785
592,0.03777
593,0.0377
594,0.03765
595,0.03764
596,0.0377
597,0.0378
598,0.0379
599,0.03791
600,0.0379
601,0.03769
602,0.03752
603,0.0374
604,0.03728
605,0.03737
606,0.03813
607,0.03996
608,0.04235
609,0.04427
610,0.04559
611,0.04767
612,0.05175
613,0.05677
614,0.0595
615,0.05752
616,0.05165
617,0.04519
618,0.0409
619,0.03911
620,0.03859
621,0.03826
622,0.03783
623,0.03756
624,0.03755
625,0.03762
626,0.03779
627,0.03974
628,0.04664
629,0.0604
630,0.07748
631,0.09007
632,0.09266
633,0.087
634,0.07969
635,0.07435
636,0.06875
637,0.05953
638,0.04719
639,0.03599
640,0.02906
641,0.02601
642,0.02481
643,0.02407
644,0.02392
645,0.02496
646,0.02733
647,0.03012
648,0.03165
649,0.03082
650,0.02802
651,0.02472
652,0.02229
653,0.02089
654,0.02003
655,0.01924
656,0.01845
657,0.01775
658,0.01719
659,0.01672
660,0.01628
661,0.01583
662,0.01533
663,0.0148
664,0.01432
665,0.01393
666,0.01361
667,0.01335
668,0.01314
669,0.01297
670,0.0128
671,0.01254
672,0.01215
673,0.01168
674,0.01123
675,0.01083
676,0.01051
677,0.01022
678,0.00994
679,0.00966
680,0.00938
681,0.0091
682,0.00885
683,0.00862
684,0.00839
685,0.00816
686,0.00792
687,0.0077
688,0.0075
689,0.00728
690,0.00706
691,0.00683
692,0.00662
693,0.00644
694,0.00627
695,0.0061
696,0.00592
697,0.00573
698,0.00553
699,0.00535
700,0.00518
701,0.00501
702,0.00484
703,0.00469
704,0.00459
705,0.00454
706,0.00449
707,0.0044
708,0.00424
709,0.00404
710,0.00387
711,0.00374
712,0.00364
713,0.00354
714,0.00343
715,0.00333
716,0.00324
717,0.00314
718,0.00306
719,0.00299
720,0.00293
721,0.00285
722,0.00274
723,0.00264
724,0.00255
725,0.00248
726,0.00241
727,0.00231
728,0.00222
729,0.00214
730,0.00206
731,0.00197
732,0.00185
733,0.00174
734,0.00166
735,0.0016
736,0.00156
737,0.00151
738,0.00145
739,0.00136
740,0.00126
741,0.00118
742,0.00111
743,0.00106
744,0.00104
745,0.00099
746,0.00093
747,0.00086
748,0.00081
749,0.00077
750,0.00074
751,0.00071
752,0.00068
753,0.00064
754,0.0006
755,0.00055
756,0.00052
757,0.00049
758,0.00045
759,0.0004
760,0.00035
761,0.00031
762,0.00029
763,0.00028
764,0.00028
765,0.00025
766,0.00021
767,0.00016
768,0.00012
769,0.00012
770,0.00012
771,0.0001
772,0
773,0
774,0
775,0
776,0
777,0
778,0
779,0
780,0
781,0
782,0
783,0
784,0
785,0
786,0
787,0
788,0
789,0
790,0
791,0
792,0
793,0
794,0
795,0
796,0
797,0
798,0
799,0
800,0
801,0
802,0
803,0
804,0
805,0
806,0
807,0
808,0
809,0
810,0
811,0
812,0
813,0
814,0
815,0
816,0
817,0
818,0
819,0
820,0
821,0
822,0
823,0
824,0
825,0
826,0
827,0
828,0
829,0
830,0
831,0
832,0
833,0
834,0
835,0
836,0
837,0
838,0
839,0
840,0
841,0
842,0
843,0
844,0
845,0
846,0
847,0
848,0
849,0
850,0
851,0
852,0
853,0
854,0
855,0
856,0
857,0
858,0
859,0
860,0
861,0
862,0
863,0
864,0
865,0
866,0
867,0
868,0
869,0
870,0
871,0
872,0
873,0
874,0
875,0
876,0
877,0
878,0
879,0
880,0
881,0
882,0
883,0
884,0
885,0
886,0
887,0
888,0
889,0
890,0
891,0
892,0
893,0
894,0
895,0
896,0
897,0
898,0
899,0
900,0
901,0
902,0
903,0
904,0
905,0
906,0
907,0
908,0
909,0
910,0
911,0
912,0
913,0
914,0
915,0
916,0
917,0
918,0
919,0
920,0
921,0
922,0
923,0
924,0
925,0
926,0
927,0
928,0
929,0
930,0
931,0
932,0
933,0
934,0
935,0
936,0
937,0
938,0
939,0
940,0
941,0
942,0
943,0
944,0
945,0
946,0
947,0
948,0
949,0
950,0
951,0
952,0
953,0
954,0
955,0
956,0
957,0
958,0
959,0
960,0
961,0
962,0
963,0
964,0
965,0
966,0
967,0
968,0
969,0
970,0
971,0
972,0
973,0
974,0
975,0
976,0
977,0
978,0
979,0
980,0
981,0
982,0
983,0
984,0
985,0
986,0
987,0
988,0
989,0
990,0
991,0
992,0
993,0
994,0
995,0
996,0
997,0
998,0
999,0
1000,0
1001,0
1002,0
1003,0
1004,0
1005,0
1006,0
1007,0
1008,0
1009,0
1010,0
1011,0
1012,0
1013,0
1014,0
1015,0
1016,0
1017,0
1018,0
1019,0
1020,0
